PARDIV; PPTN; PPTNP; PPTNN 
GBP/USD;3.25625;3.23655;3.264554
EUR/USD;4.3652;4.322556;2.325566
USD/YEN;2,021452;23,65974;23,25654
GBP/EUR;3,23263;3,232544;3,2336145
EUR/YEN;2,32352;2,32565;2,32564
GBP/YEN;32,32245;32,24588;32,22456
